[{"model": "admin.logentry", "pk": 15, "fields": {"action_time": "2024-08-05T12:04:55.018Z", "user": 16, "content_type": 6, "object_id": "14", "object_repr": "Spencer", "action_flag": 3, "change_message": ""}}, {"model": "admin.logentry", "pk": 16, "fields": {"action_time": "2024-08-05T12:05:01.545Z", "user": 16, "content_type": 6, "object_id": "15", "object_repr": "kiki", "action_flag": 3, "change_message": ""}}, {"model": "admin.logentry", "pk": 17, "fields": {"action_time": "2024-08-05T12:17:22.394Z", "user": 16, "content_type": 6, "object_id": "5", "object_repr": "Coco", "action_flag": 3, "change_message": ""}}, {"model": "admin.logentry", "pk": 18, "fields": {"action_time": "2024-08-05T12:50:18.592Z", "user": 16, "content_type": 6, "object_id": "18", "object_repr": "coco", "action_flag": 2, "change_message": "[{\"changed\": {\"fields\": [\"Profile picture\"]}}]"}}, {"model": "admin.logentry", "pk": 19, "fields": {"action_time": "2024-08-06T10:07:50.793Z", "user": 16, "content_type": 6, "object_id": "21", "object_repr": "Benta", "action_flag": 3, "change_message": ""}}, {"model": "admin.logentry", "pk": 20, "fields": {"action_time": "2024-08-06T10:12:09.594Z", "user": 16, "content_type": 6, "object_id": "22", "object_repr": "Benta", "action_flag": 2, "change_message": "[{\"changed\": {\"fields\": [\"Profile picture\"]}}]"}}, {"model": "admin.logentry", "pk": 21, "fields": {"action_time": "2024-08-06T11:32:25.288Z", "user": 16, "content_type": 6, "object_id": "24", "object_repr": "kelvin", "action_flag": 2, "change_message": "[{\"changed\": {\"fields\": [\"Profile picture\"]}}]"}}, {"model": "admin.logentry", "pk": 22, "fields": {"action_time": "2024-08-07T00:03:09.981Z", "user": 16, "content_type": 6, "object_id": "17", "object_repr": "Alex", "action_flag": 3, "change_message": ""}}, {"model": "admin.logentry", "pk": 23, "fields": {"action_time": "2024-08-07T00:03:21.583Z", "user": 16, "content_type": 6, "object_id": "19", "object_repr": "Loice", "action_flag": 3, "change_message": ""}}, {"model": "admin.logentry", "pk": 24, "fields": {"action_time": "2024-08-07T00:04:01.512Z", "user": 16, "content_type": 6, "object_id": "18", "object_repr": "coco", "action_flag": 3, "change_message": ""}}, {"model": "admin.logentry", "pk": 25, "fields": {"action_time": "2024-08-07T00:24:25.242Z", "user": 16, "content_type": 6, "object_id": "25", "object_repr": "COCO", "action_flag": 3, "change_message": ""}}, {"model": "admin.logentry", "pk": 26, "fields": {"action_time": "2024-08-07T00:33:50.643Z", "user": 16, "content_type": 6, "object_id": "26", "object_repr": "Kamausc", "action_flag": 3, "change_message": ""}}, {"model": "admin.logentry", "pk": 27, "fields": {"action_time": "2024-08-07T00:36:03.104Z", "user": 16, "content_type": 6, "object_id": "27", "object_repr": "Kamau", "action_flag": 3, "change_message": ""}}, {"model": "admin.logentry", "pk": 28, "fields": {"action_time": "2024-08-07T00:44:49.200Z", "user": 16, "content_type": 6, "object_id": "28", "object_repr": "Mathew", "action_flag": 3, "change_message": ""}}, {"model": "admin.logentry", "pk": 29, "fields": {"action_time": "2024-08-07T00:53:48.227Z", "user": 16, "content_type": 6, "object_id": "29", "object_repr": "Mathew", "action_flag": 3, "change_message": ""}}, {"model": "admin.logentry", "pk": 30, "fields": {"action_time": "2024-08-07T04:38:46.317Z", "user": 16, "content_type": 6, "object_id": "30", "object_repr": "Clay", "action_flag": 3, "change_message": ""}}, {"model": "admin.logentry", "pk": 31, "fields": {"action_time": "2024-08-07T04:47:05.316Z", "user": 16, "content_type": 6, "object_id": "31", "object_repr": "Clay", "action_flag": 3, "change_message": ""}}, {"model": "admin.logentry", "pk": 32, "fields": {"action_time": "2024-08-07T05:15:30.702Z", "user": 16, "content_type": 6, "object_id": "32", "object_repr": "Clay", "action_flag": 3, "change_message": ""}}, {"model": "admin.logentry", "pk": 33, "fields": {"action_time": "2024-08-07T05:25:11.001Z", "user": 16, "content_type": 6, "object_id": "33", "object_repr": "Clay", "action_flag": 3, "change_message": ""}}, {"model": "admin.logentry", "pk": 34, "fields": {"action_time": "2024-08-07T05:37:29.481Z", "user": 16, "content_type": 6, "object_id": "34", "object_repr": "Clay", "action_flag": 3, "change_message": ""}}, {"model": "admin.logentry", "pk": 35, "fields": {"action_time": "2024-08-07T05:43:57.706Z", "user": 16, "content_type": 6, "object_id": "35", "object_repr": "Clay", "action_flag": 3, "change_message": ""}}, {"model": "admin.logentry", "pk": 36, "fields": {"action_time": "2024-08-07T05:59:53.822Z", "user": 16, "content_type": 6, "object_id": "36", "object_repr": "Klaus", "action_flag": 3, "change_message": ""}}, {"model": "admin.logentry", "pk": 37, "fields": {"action_time": "2024-08-07T06:12:14.538Z", "user": 16, "content_type": 6, "object_id": "37", "object_repr": "Clinton", "action_flag": 3, "change_message": ""}}, {"model": "admin.logentry", "pk": 38, "fields": {"action_time": "2024-08-07T06:25:50.733Z", "user": 16, "content_type": 6, "object_id": "38", "object_repr": "Arthur", "action_flag": 3, "change_message": ""}}, {"model": "admin.logentry", "pk": 39, "fields": {"action_time": "2024-08-07T06:35:48.118Z", "user": 16, "content_type": 6, "object_id": "39", "object_repr": "bruno", "action_flag": 3, "change_message": ""}}, {"model": "admin.logentry", "pk": 40, "fields": {"action_time": "2024-08-07T06:53:51.503Z", "user": 16, "content_type": 6, "object_id": "40", "object_repr": "Arthur", "action_flag": 3, "change_message": ""}}, {"model": "admin.logentry", "pk": 41, "fields": {"action_time": "2024-08-07T06:55:59.984Z", "user": 16, "content_type": 6, "object_id": "41", "object_repr": "Arthur", "action_flag": 3, "change_message": ""}}, {"model": "admin.logentry", "pk": 42, "fields": {"action_time": "2024-08-07T07:09:48.973Z", "user": 16, "content_type": 6, "object_id": "42", "object_repr": "Arthur", "action_flag": 3, "change_message": ""}}, {"model": "admin.logentry", "pk": 43, "fields": {"action_time": "2024-08-07T07:13:20.977Z", "user": 16, "content_type": 6, "object_id": "43", "object_repr": "Arthur", "action_flag": 3, "change_message": ""}}, {"model": "admin.logentry", "pk": 44, "fields": {"action_time": "2024-08-07T07:19:46.684Z", "user": 16, "content_type": 6, "object_id": "44", "object_repr": "Arthur", "action_flag": 3, "change_message": ""}}, {"model": "admin.logentry", "pk": 45, "fields": {"action_time": "2024-08-07T07:25:50.069Z", "user": 16, "content_type": 6, "object_id": "45", "object_repr": "Arthur", "action_flag": 3, "change_message": ""}}, {"model": "admin.logentry", "pk": 46, "fields": {"action_time": "2024-08-07T07:38:25.696Z", "user": 16, "content_type": 6, "object_id": "46", "object_repr": "Arthur", "action_flag": 3, "change_message": ""}}, {"model": "admin.logentry", "pk": 47, "fields": {"action_time": "2024-08-07T07:45:19.610Z", "user": 16, "content_type": 6, "object_id": "47", "object_repr": "Arthur", "action_flag": 3, "change_message": ""}}, {"model": "admin.logentry", "pk": 48, "fields": {"action_time": "2024-08-07T07:48:47.763Z", "user": 16, "content_type": 6, "object_id": "48", "object_repr": "Arthur", "action_flag": 3, "change_message": ""}}, {"model": "admin.logentry", "pk": 49, "fields": {"action_time": "2025-01-09T11:14:02.974Z", "user": 16, "content_type": 6, "object_id": "50", "object_repr": "marylin", "action_flag": 2, "change_message": "[{\"changed\": {\"fields\": [\"Profile picture\"]}}]"}}, {"model": "admin.logentry", "pk": 50, "fields": {"action_time": "2025-01-15T12:18:59.789Z", "user": 16, "content_type": 6, "object_id": "50", "object_repr": "marylin", "action_flag": 3, "change_message": ""}}, {"model": "admin.logentry", "pk": 51, "fields": {"action_time": "2025-01-15T12:19:30.772Z", "user": 16, "content_type": 6, "object_id": "1", "object_repr": "Abayo", "action_flag": 3, "change_message": ""}}, {"model": "admin.logentry", "pk": 52, "fields": {"action_time": "2025-01-15T12:19:45.597Z", "user": 16, "content_type": 6, "object_id": "4", "object_repr": "lainey", "action_flag": 3, "change_message": ""}}, {"model": "admin.logentry", "pk": 53, "fields": {"action_time": "2025-01-15T12:21:14.435Z", "user": 16, "content_type": 6, "object_id": "16", "object_repr": "theadmin", "action_flag": 2, "change_message": "[{\"changed\": {\"fields\": [\"First name\", \"Last name\", \"Country\", \"Location\", \"Institution\", \"City\", \"State\", \"Zip code\"]}}]"}}, {"model": "admin.logentry", "pk": 54, "fields": {"action_time": "2025-01-15T12:56:26.702Z", "user": 16, "content_type": 6, "object_id": "51", "object_repr": "Hellen", "action_flag": 3, "change_message": ""}}, {"model": "admin.logentry", "pk": 55, "fields": {"action_time": "2025-01-15T12:59:03.920Z", "user": 16, "content_type": 6, "object_id": "49", "object_repr": "Arthur", "action_flag": 3, "change_message": ""}}, {"model": "admin.logentry", "pk": 56, "fields": {"action_time": "2025-01-15T13:24:12.873Z", "user": 16, "content_type": 6, "object_id": "53", "object_repr": "Tiffany", "action_flag": 3, "change_message": ""}}, {"model": "admin.logentry", "pk": 57, "fields": {"action_time": "2025-01-15T13:27:37.188Z", "user": 16, "content_type": 6, "object_id": "54", "object_repr": "TIffany", "action_flag": 2, "change_message": "[{\"changed\": {\"fields\": [\"Country\", \"Location\", \"Institution\", \"City\", \"State\", \"Profile picture\"]}}]"}}, {"model": "admin.logentry", "pk": 58, "fields": {"action_time": "2025-01-15T13:43:20.620Z", "user": 16, "content_type": 6, "object_id": "52", "object_repr": "Hellen", "action_flag": 3, "change_message": ""}}, {"model": "admin.logentry", "pk": 59, "fields": {"action_time": "2025-01-15T14:02:52.613Z", "user": 16, "content_type": 6, "object_id": "55", "object_repr": "Hellen", "action_flag": 3, "change_message": ""}}, {"model": "admin.logentry", "pk": 60, "fields": {"action_time": "2025-01-16T09:00:21.553Z", "user": 16, "content_type": 6, "object_id": "56", "object_repr": "Hellen", "action_flag": 3, "change_message": ""}}, {"model": "admin.logentry", "pk": 61, "fields": {"action_time": "2025-01-16T09:13:55.944Z", "user": 16, "content_type": 6, "object_id": "57", "object_repr": "Hellen", "action_flag": 3, "change_message": ""}}, {"model": "admin.logentry", "pk": 62, "fields": {"action_time": "2025-01-16T09:31:47.056Z", "user": 16, "content_type": 6, "object_id": "58", "object_repr": "Coco", "action_flag": 3, "change_message": ""}}, {"model": "admin.logentry", "pk": 63, "fields": {"action_time": "2025-01-16T09:44:19.469Z", "user": 16, "content_type": 6, "object_id": "60", "object_repr": "asha", "action_flag": 2, "change_message": "[{\"changed\": {\"fields\": [\"Profile picture\"]}}]"}}, {"model": "admin.logentry", "pk": 64, "fields": {"action_time": "2025-01-16T12:21:38.170Z", "user": 16, "content_type": 6, "object_id": "59", "object_repr": "Adrian", "action_flag": 2, "change_message": "[{\"changed\": {\"fields\": [\"Profile picture\"]}}]"}}, {"model": "admin.logentry", "pk": 65, "fields": {"action_time": "2025-01-16T12:27:29.637Z", "user": 16, "content_type": 6, "object_id": "20", "object_repr": "Peter", "action_flag": 2, "change_message": "[{\"changed\": {\"fields\": [\"Profile picture\"]}}]"}}, {"model": "admin.logentry", "pk": 66, "fields": {"action_time": "2025-01-16T12:28:19.056Z", "user": 16, "content_type": 6, "object_id": "23", "object_repr": "Nicky", "action_flag": 2, "change_message": "[{\"changed\": {\"fields\": [\"Profile picture\"]}}]"}}, {"model": "admin.logentry", "pk": 67, "fields": {"action_time": "2025-01-16T12:28:32.663Z", "user": 16, "content_type": 6, "object_id": "16", "object_repr": "theadmin", "action_flag": 2, "change_message": "[{\"changed\": {\"fields\": [\"Profile picture\"]}}]"}}, {"model": "admin.logentry", "pk": 68, "fields": {"action_time": "2025-01-16T12:28:57.259Z", "user": 16, "content_type": 6, "object_id": "22", "object_repr": "Benta", "action_flag": 2, "change_message": "[{\"changed\": {\"fields\": [\"Profile picture\"]}}]"}}, {"model": "admin.logentry", "pk": 69, "fields": {"action_time": "2025-01-16T13:21:45.869Z", "user": 16, "content_type": 6, "object_id": "61", "object_repr": "CyrileA", "action_flag": 3, "change_message": ""}}, {"model": "admin.logentry", "pk": 70, "fields": {"action_time": "2025-05-28T10:39:08.481Z", "user": 16, "content_type": 6, "object_id": "60", "object_repr": "asha", "action_flag": 3, "change_message": ""}}, {"model": "admin.logentry", "pk": 71, "fields": {"action_time": "2025-05-28T10:40:11.199Z", "user": 16, "content_type": 6, "object_id": "62", "object_repr": "Cyrille", "action_flag": 2, "change_message": "[{\"changed\": {\"fields\": [\"Profile picture\"]}}]"}}, {"model": "admin.logentry", "pk": 72, "fields": {"action_time": "2025-05-28T11:27:17.828Z", "user": 16, "content_type": 6, "object_id": "63", "object_repr": "Lainley", "action_flag": 3, "change_message": ""}}, {"model": "admin.logentry", "pk": 73, "fields": {"action_time": "2025-05-28T11:28:46.158Z", "user": 16, "content_type": 6, "object_id": "64", "object_repr": "Janey", "action_flag": 3, "change_message": ""}}, {"model": "admin.logentry", "pk": 74, "fields": {"action_time": "2025-05-28T13:55:31.198Z", "user": 16, "content_type": 6, "object_id": "65", "object_repr": "Jane", "action_flag": 3, "change_message": ""}}, {"model": "admin.logentry", "pk": 75, "fields": {"action_time": "2025-05-28T13:58:11.830Z", "user": 16, "content_type": 6, "object_id": "66", "object_repr": "justjane", "action_flag": 3, "change_message": ""}}, {"model": "admin.logentry", "pk": 76, "fields": {"action_time": "2025-05-28T23:03:14.717Z", "user": 16, "content_type": 6, "object_id": "67", "object_repr": "tina", "action_flag": 3, "change_message": ""}}, {"model": "admin.logentry", "pk": 77, "fields": {"action_time": "2025-05-28T23:15:42.685Z", "user": 16, "content_type": 6, "object_id": "68", "object_repr": "Chris", "action_flag": 3, "change_message": ""}}, {"model": "auth.permission", "pk": 1, "fields": {"name": "Can add log entry", "content_type": 1, "codename": "add_logentry"}}, {"model": "auth.permission", "pk": 2, "fields": {"name": "Can change log entry", "content_type": 1, "codename": "change_logentry"}}, {"model": "auth.permission", "pk": 3, "fields": {"name": "Can delete log entry", "content_type": 1, "codename": "delete_logentry"}}, {"model": "auth.permission", "pk": 4, "fields": {"name": "Can view log entry", "content_type": 1, "codename": "view_logentry"}}, {"model": "auth.permission", "pk": 5, "fields": {"name": "Can add permission", "content_type": 2, "codename": "add_permission"}}, {"model": "auth.permission", "pk": 6, "fields": {"name": "Can change permission", "content_type": 2, "codename": "change_permission"}}, {"model": "auth.permission", "pk": 7, "fields": {"name": "Can delete permission", "content_type": 2, "codename": "delete_permission"}}, {"model": "auth.permission", "pk": 8, "fields": {"name": "Can view permission", "content_type": 2, "codename": "view_permission"}}, {"model": "auth.permission", "pk": 9, "fields": {"name": "Can add group", "content_type": 3, "codename": "add_group"}}, {"model": "auth.permission", "pk": 10, "fields": {"name": "Can change group", "content_type": 3, "codename": "change_group"}}, {"model": "auth.permission", "pk": 11, "fields": {"name": "Can delete group", "content_type": 3, "codename": "delete_group"}}, {"model": "auth.permission", "pk": 12, "fields": {"name": "Can view group", "content_type": 3, "codename": "view_group"}}, {"model": "auth.permission", "pk": 13, "fields": {"name": "Can add content type", "content_type": 4, "codename": "add_contenttype"}}, {"model": "auth.permission", "pk": 14, "fields": {"name": "Can change content type", "content_type": 4, "codename": "change_contenttype"}}, {"model": "auth.permission", "pk": 15, "fields": {"name": "Can delete content type", "content_type": 4, "codename": "delete_contenttype"}}, {"model": "auth.permission", "pk": 16, "fields": {"name": "Can view content type", "content_type": 4, "codename": "view_contenttype"}}, {"model": "auth.permission", "pk": 17, "fields": {"name": "Can add session", "content_type": 5, "codename": "add_session"}}, {"model": "auth.permission", "pk": 18, "fields": {"name": "Can change session", "content_type": 5, "codename": "change_session"}}, {"model": "auth.permission", "pk": 19, "fields": {"name": "Can delete session", "content_type": 5, "codename": "delete_session"}}, {"model": "auth.permission", "pk": 20, "fields": {"name": "Can view session", "content_type": 5, "codename": "view_session"}}, {"model": "auth.permission", "pk": 21, "fields": {"name": "Can add user", "content_type": 6, "codename": "add_customuser"}}, {"model": "auth.permission", "pk": 22, "fields": {"name": "Can change user", "content_type": 6, "codename": "change_customuser"}}, {"model": "auth.permission", "pk": 23, "fields": {"name": "Can delete user", "content_type": 6, "codename": "delete_customuser"}}, {"model": "auth.permission", "pk": 24, "fields": {"name": "Can view user", "content_type": 6, "codename": "view_customuser"}}, {"model": "auth.permission", "pk": 25, "fields": {"name": "Can add friend request", "content_type": 7, "codename": "add_friendrequest"}}, {"model": "auth.permission", "pk": 26, "fields": {"name": "Can change friend request", "content_type": 7, "codename": "change_friendrequest"}}, {"model": "auth.permission", "pk": 27, "fields": {"name": "Can delete friend request", "content_type": 7, "codename": "delete_friendrequest"}}, {"model": "auth.permission", "pk": 28, "fields": {"name": "Can view friend request", "content_type": 7, "codename": "view_friendrequest"}}, {"model": "auth.permission", "pk": 29, "fields": {"name": "Can add user profile", "content_type": 8, "codename": "add_userprofile"}}, {"model": "auth.permission", "pk": 30, "fields": {"name": "Can change user profile", "content_type": 8, "codename": "change_userprofile"}}, {"model": "auth.permission", "pk": 31, "fields": {"name": "Can delete user profile", "content_type": 8, "codename": "delete_userprofile"}}, {"model": "auth.permission", "pk": 32, "fields": {"name": "Can view user profile", "content_type": 8, "codename": "view_userprofile"}}, {"model": "auth.permission", "pk": 33, "fields": {"name": "Can add message", "content_type": 9, "codename": "add_message"}}, {"model": "auth.permission", "pk": 34, "fields": {"name": "Can change message", "content_type": 9, "codename": "change_message"}}, {"model": "auth.permission", "pk": 35, "fields": {"name": "Can delete message", "content_type": 9, "codename": "delete_message"}}, {"model": "auth.permission", "pk": 36, "fields": {"name": "Can view message", "content_type": 9, "codename": "view_message"}}, {"model": "auth.permission", "pk": 37, "fields": {"name": "Can add city", "content_type": 10, "codename": "add_city"}}, {"model": "auth.permission", "pk": 38, "fields": {"name": "Can change city", "content_type": 10, "codename": "change_city"}}, {"model": "auth.permission", "pk": 39, "fields": {"name": "Can delete city", "content_type": 10, "codename": "delete_city"}}, {"model": "auth.permission", "pk": 40, "fields": {"name": "Can view city", "content_type": 10, "codename": "view_city"}}, {"model": "auth.permission", "pk": 41, "fields": {"name": "Can add state", "content_type": 11, "codename": "add_state"}}, {"model": "auth.permission", "pk": 42, "fields": {"name": "Can change state", "content_type": 11, "codename": "change_state"}}, {"model": "auth.permission", "pk": 43, "fields": {"name": "Can delete state", "content_type": 11, "codename": "delete_state"}}, {"model": "auth.permission", "pk": 44, "fields": {"name": "Can view state", "content_type": 11, "codename": "view_state"}}, {"model": "auth.permission", "pk": 45, "fields": {"name": "Can add culture", "content_type": 12, "codename": "add_culture"}}, {"model": "auth.permission", "pk": 46, "fields": {"name": "Can change culture", "content_type": 12, "codename": "change_culture"}}, {"model": "auth.permission", "pk": 47, "fields": {"name": "Can delete culture", "content_type": 12, "codename": "delete_culture"}}, {"model": "auth.permission", "pk": 48, "fields": {"name": "Can view culture", "content_type": 12, "codename": "view_culture"}}, {"model": "auth.permission", "pk": 49, "fields": {"name": "Can add housing", "content_type": 13, "codename": "add_housing"}}, {"model": "auth.permission", "pk": 50, "fields": {"name": "Can change housing", "content_type": 13, "codename": "change_housing"}}, {"model": "auth.permission", "pk": 51, "fields": {"name": "Can delete housing", "content_type": 13, "codename": "delete_housing"}}, {"model": "auth.permission", "pk": 52, "fields": {"name": "Can view housing", "content_type": 13, "codename": "view_housing"}}, {"model": "auth.permission", "pk": 53, "fields": {"name": "Can add transport", "content_type": 14, "codename": "add_transport"}}, {"model": "auth.permission", "pk": 54, "fields": {"name": "Can change transport", "content_type": 14, "codename": "change_transport"}}, {"model": "auth.permission", "pk": 55, "fields": {"name": "Can delete transport", "content_type": 14, "codename": "delete_transport"}}, {"model": "auth.permission", "pk": 56, "fields": {"name": "Can view transport", "content_type": 14, "codename": "view_transport"}}, {"model": "contenttypes.contenttype", "pk": 1, "fields": {"app_label": "admin", "model": "logentry"}}, {"model": "contenttypes.contenttype", "pk": 2, "fields": {"app_label": "auth", "model": "permission"}}, {"model": "contenttypes.contenttype", "pk": 3, "fields": {"app_label": "auth", "model": "group"}}, {"model": "contenttypes.contenttype", "pk": 4, "fields": {"app_label": "contenttypes", "model": "contenttype"}}, {"model": "contenttypes.contenttype", "pk": 5, "fields": {"app_label": "sessions", "model": "session"}}, {"model": "contenttypes.contenttype", "pk": 6, "fields": {"app_label": "authentication", "model": "customuser"}}, {"model": "contenttypes.contenttype", "pk": 7, "fields": {"app_label": "authentication", "model": "friendrequest"}}, {"model": "contenttypes.contenttype", "pk": 8, "fields": {"app_label": "authentication", "model": "userprofile"}}, {"model": "contenttypes.contenttype", "pk": 9, "fields": {"app_label": "authentication", "model": "message"}}, {"model": "contenttypes.contenttype", "pk": 10, "fields": {"app_label": "authentication", "model": "city"}}, {"model": "contenttypes.contenttype", "pk": 11, "fields": {"app_label": "authentication", "model": "state"}}, {"model": "contenttypes.contenttype", "pk": 12, "fields": {"app_label": "authentication", "model": "culture"}}, {"model": "contenttypes.contenttype", "pk": 13, "fields": {"app_label": "authentication", "model": "housing"}}, {"model": "contenttypes.contenttype", "pk": 14, "fields": {"app_label": "authentication", "model": "transport"}}, {"model": "sessions.session", "pk": "0fcp1f9jgb1bubef0d7kfh7zak9iktby", "fields": {"session_data": ".eJxVjMsOwiAURP-FtSGFCwVduvcbCPcRqRpISrsy_rtt0oUms5pzZt4q5XUpae0yp4nVRUV1-u0w01PqDviR671panWZJ9S7og_a9a2xvK6H-3dQci_bevBsHbDZguIhGESxwNH5ECFANJ5Q8kgehvGM1jGSZApWokUGa9TnC9X0N8A:1uGkUF:qoU4JjSSpOI2Nwbu6R7v8bcHR66jw4sWXKDKS7YO3SM", "expire_date": "2025-06-01T20:19:55.766Z"}}, {"model": "sessions.session", "pk": "1wtrelnemiogrpokome5xn5scqyt5s08", "fields": {"session_data": "e30:1sahVB:ruM_lO7_jhYB3pf7-uCsIe7cfZlL-K04K_o0nBkU9cQ", "expire_date": "2024-08-18T20:06:49.435Z"}}, {"model": "sessions.session", "pk": "5asdohgba9nz1mb9snrk4nqao3h82qqf", "fields": {"session_data": "e30:1sajOt:yby3mb1erjsSTq6fjG-qZiSJJRDtLZGXT9qTULNeBoU", "expire_date": "2024-08-18T22:08:27.192Z"}}, {"model": "sessions.session", "pk": "ah35o0wh95xa7yozlurmuyowhnmoe26a", "fields": {"session_data": ".eJxVjMEOwiAQBf-FsyHAAgWP3v0GsrAgVQNJaU_Gf9cmPej1zcx7sYDbWsM28hJmYmemPTv9jhHTI7ed0B3brfPU27rMke8KP-jg1075eTncv4OKo35rQE9CkiaKU_Emo0nGkTJEIrnsvUmTAzQObFHFKgUgtUVrBSmZSgH2_gAdlTgY:1sbbQp:YAMAqOAMjiBYUTY41nZdf-I7PxGLghdkDZ9vM2elWfU", "expire_date": "2024-08-21T07:50:03.374Z"}}, {"model": "sessions.session", "pk": "ap74yv2curiphrs15eu05eeh8hbfqwhg", "fields": {"session_data": "e30:1sajOD:WdcMRLXxC2tvAvcN-JY8oh_mFctBSVmtHMhVpwPJSM0", "expire_date": "2024-08-18T22:07:45.496Z"}}, {"model": "sessions.session", "pk": "chw2mllxrs4my6t8uextdm2it3olvq44", "fields": {"session_data": "e30:1sahtd:O4XbYwil0U7vFtjC8Q0A8nsh5PMW_KnO0_gsu42oM9Q", "expire_date": "2024-08-18T20:32:05.049Z"}}, {"model": "sessions.session", "pk": "d3u1e4jsbhilv6n9r8jmqia3retmnuom", "fields": {"session_data": "e30:1sbHrC:3e7TpGmbEN1--RVCb6AZFX5re5cPTMJDtfMXloHlrrg", "expire_date": "2024-08-20T10:55:58.534Z"}}, {"model": "sessions.session", "pk": "dgkj8wtzj02c85rlo6l5opq8v59nbknu", "fields": {"session_data": ".eJxVjDsOwyAQRO9CHSHAaz4p0_sMCHYhOIlAMnYV5e6xJRdJOfPezJv5sK3Fbz0tfiZ2ZVKzy28ZAz5TPQg9Qr03jq2uyxz5ofCTdj41Sq_b6f4dlNDLvnZKWWWUkjSOSJkSCMgowcKegExwUaes0TgdJZIICYYI0eKAUg7Css8XDh44YQ:1uHNZl:zFfQxupKtRJj92Cq8xyyEwBlGmNlvncqdy9l4AoBY6U", "expire_date": "2025-06-03T14:04:13.636Z"}}, {"model": "sessions.session", "pk": "dr30ttsh1jl5atsrc23uf18rvfpavp59", "fields": {"session_data": "e30:1sajHN:uXLIiiTd8YtEkI7F3YASbE1KABGtB1jjFdapMDQAj0k", "expire_date": "2024-08-18T22:00:41.951Z"}}, {"model": "sessions.session", "pk": "ehmibxtofj2zc4eaer5if2e672efexbu", "fields": {"session_data": ".eJxVjDsOwyAQRO9CHSHAaz4p0_sMCHYhOIlAMnYV5e6xJRdJOfPezJv5sK3Fbz0tfiZ2ZVKzy28ZAz5TPQg9Qr03jq2uyxz5ofCTdj41Sq_b6f4dlNDLvnZKWWWUkjSOSJkSCMgowcKegExwUaes0TgdJZIICYYI0eKAUg7Css8XDh44YQ:1tI5vR:kxS914pM459fbjrzET8ihZmpKRvCeDRqPKi_UE77jpk", "expire_date": "2024-12-16T12:53:17.442Z"}}, {"model": "sessions.session", "pk": "g4iapnuhb0h6o358k9fd0vlqi7rrjmy9", "fields": {"session_data": ".eJxVjDsOwyAQRO9CHSHAaz4p0_sMCHYhOIlAMnYV5e6xJRdJOfPezJv5sK3Fbz0tfiZ2ZVKzy28ZAz5TPQg9Qr03jq2uyxz5ofCTdj41Sq_b6f4dlNDLvnZKWWWUkjSOSJkSCMgowcKegExwUaes0TgdJZIICYYI0eKAUg7Css8XDh44YQ:1uHM5O:Kt9P_YJeGzVCgEetraES1egA-TUekLDB3y7DHJxG2YY", "expire_date": "2025-06-03T12:28:46.515Z"}}, {"model": "sessions.session", "pk": "ksxfn5ea39k149i7h3yt2n65snc7pc9c", "fields": {"session_data": ".eJxVjDsOwyAQRO9CHSHAaz4p0_sMCHYhOIlAMnYV5e6xJRdJOfPezJv5sK3Fbz0tfiZ2ZVKzy28ZAz5TPQg9Qr03jq2uyxz5ofCTdj41Sq_b6f4dlNDLvnZKWWWUkjSOSJkSCMgowcKegExwUaes0TgdJZIICYYI0eKAUg7Css8XDh44YQ:1tY4Rl:uNaxowYxHP7GdblyBaGQISd2VDmPMyDcUHepqykA35Q", "expire_date": "2025-01-29T14:32:41.064Z"}}, {"model": "sessions.session", "pk": "m5e3zfpehg15fhs1v0md7briszqh3757", "fields": {"session_data": ".eJxVjMsOwiAUBf-FtSEUClKX7vsN5HIfUjU0Ke3K-O_apAvdnpk5L5VgW0vaGi9pInVRYVCn3zEDPrjuhO5Qb7PGua7LlPWu6IM2Pc7Ez-vh_h0UaOVbYwQDDmx0xNawE2M8ZOFgfOgECQxjdBw6HPrsovfCcqaAQr3PIFa9Py3WOU4:1uKQ26:emA7MF0F5iECn-UkIdDo0xSyEc0ECnFuWYtM_SAX4Qo", "expire_date": "2025-06-11T23:18:02.978Z"}}, {"model": "sessions.session", "pk": "pvpn248po8qp719skm1opb12bhzjxvj9", "fields": {"session_data": "e30:1sahvh:7I950G0_aU3wfRk6zie74p8zAzaD1haCYcpXKtOlGsk", "expire_date": "2024-08-18T20:34:13.914Z"}}, {"model": "sessions.session", "pk": "tpka55j8inywxxcxe6rlic0ckjhs2wwe", "fields": {"session_data": "e30:1tY4Qx:oELnDCMIJcbtScHr6vlyeXZAKYuUGzGLfMJ9P51I6gs", "expire_date": "2025-01-29T14:31:51.018Z"}}, {"model": "sessions.session", "pk": "x71m7rcx44lmbxrml4is2sbx8aej7o1k", "fields": {"session_data": "e30:1sabQF:fvMZ2Gb2__M2pzL_UeupZllrHHXlLD6zs5a_bfblvw0", "expire_date": "2024-08-18T13:37:19.252Z"}}, {"model": "sessions.session", "pk": "zc05btr232yr9mf0jzuaqhb9us9sy9hd", "fields": {"session_data": ".eJxVjDsOwyAQRO9CHSHAaz4p0_sMCHYhOIlAMnYV5e6xJRdJOfPezJv5sK3Fbz0tfiZ2ZVKzy28ZAz5TPQg9Qr03jq2uyxz5ofCTdj41Sq_b6f4dlNDLvnZKWWWUkjSOSJkSCMgowcKegExwUaes0TgdJZIICYYI0eKAUg7Css8XDh44YQ:1sglMS:wAljQInad60q4sw6dQ9ASmbWA0sHC43TigmGnJWCFRU", "expire_date": "2024-09-04T13:26:52.524Z"}}, {"model": "authentication.customuser", "pk": 3, "fields": {"password": "pbkdf2_sha256$1000000$sKgOIYEmmEFvdhaiIPxslY$z8poo13vdx+//T4Vik6urCr7KvOEdm9c3oU5ZYR+fdc=", "last_login": "2025-05-28T22:54:01.633Z", "is_superuser": false, "username": "Bennie", "first_name": "Benson", "last_name": "Kamau", "email": "is213721@students.mu.ac.ke", "is_staff": false, "is_active": true, "date_joined": "2024-08-02T08:01:03Z", "country": "KE", "location": "DE", "institution": "Arden University", "city": "Berlin", "state": "Dessauer", "zip_code": null, "otp": null, "otp_created_at": null, "otp_verified": false, "profile_picture": "profile_pictures/boy1_DZHyxGD.jpg", "password_reset_token": null, "token_created_at": null, "is_verified": false, "groups": [], "user_permissions": []}}, {"model": "authentication.customuser", "pk": 6, "fields": {"password": "pbkdf2_sha256$720000$AT7zxZEQnYP7iieQwsoEI4$trGfaIP2wPNYGM3UbKnue8S0W5g03PGQxyiw1BqI1Ls=", "last_login": "2024-08-21T13:24:56.044Z", "is_superuser": false, "username": "jerome", "first_name": "Juma", "last_name": "Jerome", "email": "evh392621@students.mu.ac.ke", "is_staff": false, "is_active": true, "date_joined": "2024-08-03T04:13:05Z", "country": "KE", "location": "CA", "institution": "University of British Columbia", "city": "Ontario", "state": "Nova Scotia\tHalifax,", "zip_code": null, "otp": null, "otp_created_at": null, "otp_verified": false, "profile_picture": "profile_pictures/boy1_51jgSCO.jpg", "password_reset_token": null, "token_created_at": null, "is_verified": false, "groups": [], "user_permissions": []}}, {"model": "authentication.customuser", "pk": 8, "fields": {"password": "pbkdf2_sha256$720000$EEKBG0iseCrp3BUVkjHJZ8$6zWqepPEOV1CuVbJvNKLOI1FfYddclI43ekgw7JJRFA=", "last_login": "2025-05-18T20:19:55.762Z", "is_superuser": false, "username": "rovel", "first_name": "Nicole", "last_name": "Akinyi", "email": "rovelakinyi18@students.ku.ac.ke", "is_staff": false, "is_active": true, "date_joined": "2024-08-03T08:35:32Z", "country": "RW", "location": "CA", "institution": "Massachusetts Institute of Technology (MIT)", "city": "Ontario", "state": "Waterloo", "zip_code": null, "otp": null, "otp_created_at": null, "otp_verified": false, "profile_picture": "/static/images/woman.jpg", "password_reset_token": null, "token_created_at": null, "is_verified": false, "groups": [], "user_permissions": []}}, {"model": "authentication.customuser", "pk": 16, "fields": {"password": "pbkdf2_sha256$1000000$K9pCgVGL72mhwluk6rO7BN$fB+Yq45243ipZDIDMylHfyUuPkQs6I4zDzkX9o+AI/g=", "last_login": "2025-05-28T23:15:22.853Z", "is_superuser": true, "username": "theadmin", "first_name": "Joseph", "last_name": "Morgan", "email": "", "is_staff": true, "is_active": true, "date_joined": "2024-08-05T12:02:54Z", "country": "Canada", "location": "Ontario", "institution": "British Colombia", "city": "Ontario", "state": "Wessex", "zip_code": "30100", "otp": null, "otp_created_at": null, "otp_verified": false, "profile_picture": "profile_pictures/laine1_PIZY6UH.jpeg", "password_reset_token": null, "token_created_at": null, "is_verified": false, "groups": [], "user_permissions": []}}, {"model": "authentication.customuser", "pk": 20, "fields": {"password": "pbkdf2_sha256$720000$1BDKtIcwiFX0yr8QdUDFO5$LTI96Plcn6+a4baKIVMImVW3vB2LVh3o219CPCx0AKM=", "last_login": "2024-08-06T09:49:01Z", "is_superuser": false, "username": "Peter", "first_name": "Peter", "last_name": "Migwi", "email": "bhr182721@students.mu.ac.ke", "is_staff": false, "is_active": true, "date_joined": "2024-08-06T09:48:02Z", "country": "RW", "location": "AU", "institution": "Bond University", "city": "Queensland", "state": "Brisbane", "zip_code": null, "otp": null, "otp_created_at": null, "otp_verified": false, "profile_picture": "profile_pictures/girl1_ZARl1DM.jpg", "password_reset_token": null, "token_created_at": null, "is_verified": false, "groups": [], "user_permissions": []}}, {"model": "authentication.customuser", "pk": 22, "fields": {"password": "pbkdf2_sha256$720000$MgqkD0iovheqjwZzfTJIcv$LUKgkmdvErvkmceCkQ0QSNE0sTDa4nXbNgHH8e8W3vo=", "last_login": "2024-08-06T10:11:03Z", "is_superuser": false, "username": "Benta", "first_name": "Carol", "last_name": "Otieno", "email": "sc458221@students.mu.ac.ke", "is_staff": false, "is_active": true, "date_joined": "2024-08-06T10:10:08Z", "country": "RW", "location": "DE", "institution": "Akita International University", "city": "Halifax, Truro", "state": "Nova Scotia\tHalifax,", "zip_code": null, "otp": null, "otp_created_at": null, "otp_verified": false, "profile_picture": "profile_pictures/horse.jpeg", "password_reset_token": null, "token_created_at": null, "is_verified": false, "groups": [], "user_permissions": []}}, {"model": "authentication.customuser", "pk": 23, "fields": {"password": "pbkdf2_sha256$720000$6FIkJVfqNt7NUt6r8BJ7U1$UAFtj727P+2EVg3QO3noJvml2TVdvJsJdkIF4M8MRsk=", "last_login": "2024-08-06T10:56:46Z", "is_superuser": false, "username": "Nicky", "first_name": "Nicole", "last_name": "Akinyi", "email": "nicole.ochieng@strathmore.edu", "is_staff": false, "is_active": true, "date_joined": "2024-08-06T10:26:11Z", "country": "KE", "location": "DE", "institution": "Arden University", "city": "Berlin", "state": "Dessauer", "zip_code": null, "otp": null, "otp_created_at": null, "otp_verified": false, "profile_picture": "profile_pictures/eesho1.jpg", "password_reset_token": null, "token_created_at": null, "is_verified": false, "groups": [], "user_permissions": []}}, {"model": "authentication.customuser", "pk": 24, "fields": {"password": "pbkdf2_sha256$720000$bmJCk2U4qNnXpeiNvboIVi$/EHu3QEQcvbhGQmxsBHBmqYHSEJyA8lsB8zJz9vPtF4=", "last_login": "2024-08-07T12:19:30.154Z", "is_superuser": false, "username": "kelvin", "first_name": "Kelvin", "last_name": "Kitonyo", "email": "if220121@students.mu.ac.ke", "is_staff": false, "is_active": true, "date_joined": "2024-08-06T11:12:28Z", "country": "RW", "location": "DE", "institution": "Akita International University", "city": "Berlin", "state": "Liechtenstein", "zip_code": null, "otp": null, "otp_created_at": null, "otp_verified": false, "profile_picture": "profile_pictures/man2_pbQLe0j.jpg", "password_reset_token": null, "token_created_at": null, "is_verified": false, "groups": [], "user_permissions": []}}, {"model": "authentication.customuser", "pk": 54, "fields": {"password": "pbkdf2_sha256$720000$knhVKzZRx6bZsrE64xRxYU$VyotmAzO5WqnYaQKLxQFoHButxDt0Lv4jKaflQFuW7U=", "last_login": "2025-01-15T14:32:13.624Z", "is_superuser": false, "username": "TIffany", "first_name": "Akinyi", "last_name": "Larissa", "email": "is214321@students.mu.ac.ke", "is_staff": false, "is_active": true, "date_joined": "2025-01-15T13:25:38Z", "country": "Kenya", "location": "Canada", "institution": "University of British Columbia", "city": "Ontario", "state": "Nova Scotia\tHalifax,", "zip_code": "30100", "otp": null, "otp_created_at": null, "otp_verified": false, "profile_picture": "profile_pictures/laine.jpeg", "password_reset_token": null, "token_created_at": null, "is_verified": true, "groups": [], "user_permissions": []}}, {"model": "authentication.customuser", "pk": 59, "fields": {"password": "pbkdf2_sha256$720000$YheUsPfAz00nJS53tpVXsV$o1FlX/ggTlxm6/VS+KIDUd+lIJLy0qYwHSUd+qb/yzE=", "last_login": "2025-05-18T20:18:23.753Z", "is_superuser": false, "username": "Adrian", "first_name": "Kamau", "last_name": "Mathew", "email": "sc450821@students.mu.ac.ke", "is_staff": false, "is_active": true, "date_joined": "2025-01-16T09:39:04Z", "country": "KE", "location": "CY", "institution": "Massachusetts Institute of Technology (MIT)", "city": "Florida", "state": "Waterloo", "zip_code": "33607", "otp": "800089", "otp_created_at": "2025-01-16T09:39:04Z", "otp_verified": false, "profile_picture": "profile_pictures/canva_Nz8t2eV.jpg", "password_reset_token": null, "token_created_at": null, "is_verified": false, "groups": [], "user_permissions": []}}, {"model": "authentication.customuser", "pk": 62, "fields": {"password": "pbkdf2_sha256$720000$qrkJ764zWtxx2fEzZ5y1qj$fOIsjQJYPVFlO5UB20ScEKNmGek4ogtXSR6B8db8oSk=", "last_login": "2025-05-18T20:18:14Z", "is_superuser": false, "username": "Cyrille", "first_name": "Cyrille", "last_name": "Otieno", "email": "cyrilleotieno7@gmail.com", "is_staff": false, "is_active": true, "date_joined": "2025-01-16T13:34:05Z", "country": "KE", "location": "CA", "institution": "british columbia", "city": "Florida", "state": "Bavaria", "zip_code": "33607", "otp": null, "otp_created_at": null, "otp_verified": false, "profile_picture": "profile_pictures/Prince_Cartiee.jpeg", "password_reset_token": null, "token_created_at": null, "is_verified": true, "groups": [], "user_permissions": []}}, {"model": "authentication.customuser", "pk": 69, "fields": {"password": "pbkdf2_sha256$1000000$88qPw2OMnONwrg82Iol4uC$/SB9bwPwHPjeDo4epgA6biUEEbDuIQLeMQeoiALLsDI=", "last_login": "2025-05-28T23:18:02.977Z", "is_superuser": false, "username": "Riri", "first_name": "Jane", "last_name": "Doe", "email": "yvettelaine007@gmail.com", "is_staff": false, "is_active": true, "date_joined": "2025-05-28T23:17:25.735Z", "country": "Kenya", "location": "Canada", "institution": "University of British Colombia", "city": "Ontario", "state": "Nova Scotia", "zip_code": "33607", "otp": null, "otp_created_at": null, "otp_verified": false, "profile_picture": "profile_pictures/18_Beautiful_Pics_That_Are_A_Love_Letter_To_Women_With_Freckles.jpeg", "password_reset_token": null, "token_created_at": null, "is_verified": true, "groups": [], "user_permissions": []}}, {"model": "authentication.userprofile", "pk": 1, "fields": {"user": 3, "country": "RWANDA", "location": "CANADA", "institution": "british columbia", "city": "Ontario", "state": "Waterloo", "profile_picture": ""}}, {"model": "authentication.userprofile", "pk": 4, "fields": {"user": 6, "country": "KE", "location": "CA", "institution": "University of British Columbia", "city": "Onario", "state": "Waterloo", "profile_picture": ""}}, {"model": "authentication.userprofile", "pk": 6, "fields": {"user": 8, "country": "Kenya", "location": "CANADA", "institution": "Massachusetts Institute of Technology (MIT)", "city": "Halifax, Truro", "state": "Nova Scotia\tHalifax,", "profile_picture": "profile_pictures/zendaya.jpg"}}, {"model": "authentication.userprofile", "pk": 15, "fields": {"user": 16, "country": "France", "location": "France", "institution": "Oxford", "city": "Florida", "state": "None", "profile_picture": "profile_pictures/horse3.jpg"}}, {"model": "authentication.userprofile", "pk": 19, "fields": {"user": 20, "country": "RW", "location": "AU", "institution": "Bond University", "city": "Queensland", "state": "Brisbane", "profile_picture": ""}}, {"model": "authentication.userprofile", "pk": 21, "fields": {"user": 22, "country": "RW", "location": "DE", "institution": "Akita International University", "city": "Halifax, Truro", "state": "Nova Scotia\tHalifax,", "profile_picture": ""}}, {"model": "authentication.userprofile", "pk": 22, "fields": {"user": 23, "country": "KE", "location": "DE", "institution": "Arden University", "city": "Berlin", "state": "Dessauer", "profile_picture": ""}}, {"model": "authentication.userprofile", "pk": 23, "fields": {"user": 24, "country": "RW", "location": "DE", "institution": "Akita International University", "city": "Berlin", "state": "Liechtenstein", "profile_picture": ""}}, {"model": "authentication.userprofile", "pk": 44, "fields": {"user": 54, "country": "KE", "location": "CA", "institution": "University of British Columbia", "city": "Ontario", "state": "Nova Scotia\tHalifax,", "profile_picture": ""}}, {"model": "authentication.userprofile", "pk": 48, "fields": {"user": 59, "country": "KE", "location": "CY", "institution": "Massachusetts Institute of Technology (MIT)", "city": "Florida", "state": "Waterloo", "profile_picture": "images/default_profile.png"}}, {"model": "authentication.userprofile", "pk": 50, "fields": {"user": 62, "country": "KE", "location": "CA", "institution": "british columbia", "city": "Florida", "state": "Bavaria", "profile_picture": "profile_pictures/uni.png"}}, {"model": "authentication.userprofile", "pk": 56, "fields": {"user": 69, "country": "Kenya", "location": "Canada", "institution": "University of British Colombia", "city": "Ontario", "state": "Nova Scotia", "profile_picture": "profile_pictures/18_Beautiful_Pics_That_Are_A_Love_Letter_To_Women_With_Freckles_GQJXi4f.jpeg"}}, {"model": "authentication.friendrequest", "pk": 5, "fields": {"from_user": 6, "to_user": 3, "created_at": "2024-08-05T18:18:22.671Z", "accepted": true}}, {"model": "authentication.friendrequest", "pk": 6, "fields": {"from_user": 6, "to_user": 8, "created_at": "2024-08-05T18:18:26.654Z", "accepted": true}}, {"model": "authentication.friendrequest", "pk": 7, "fields": {"from_user": 22, "to_user": 3, "created_at": "2024-08-06T10:11:19.885Z", "accepted": true}}, {"model": "authentication.friendrequest", "pk": 9, "fields": {"from_user": 24, "to_user": 3, "created_at": "2024-08-06T11:29:30.523Z", "accepted": true}}, {"model": "authentication.friendrequest", "pk": 10, "fields": {"from_user": 54, "to_user": 8, "created_at": "2025-01-15T13:28:21.353Z", "accepted": true}}, {"model": "authentication.friendrequest", "pk": 12, "fields": {"from_user": 62, "to_user": 6, "created_at": "2025-01-23T09:54:19.224Z", "accepted": false}}, {"model": "authentication.friendrequest", "pk": 13, "fields": {"from_user": 62, "to_user": 16, "created_at": "2025-01-23T09:54:25.070Z", "accepted": true}}, {"model": "authentication.friendrequest", "pk": 14, "fields": {"from_user": 62, "to_user": 8, "created_at": "2025-01-23T09:54:27.434Z", "accepted": false}}, {"model": "authentication.friendrequest", "pk": 15, "fields": {"from_user": 62, "to_user": 59, "created_at": "2025-01-23T09:54:31.159Z", "accepted": false}}, {"model": "authentication.friendrequest", "pk": 16, "fields": {"from_user": 16, "to_user": 59, "created_at": "2025-05-20T12:28:52.994Z", "accepted": false}}, {"model": "authentication.message", "pk": 1, "fields": {"sender": 3, "recipient": 6, "content": "hey man", "timestamp": "2024-08-06T12:11:43.554Z", "read": true}}, {"model": "authentication.message", "pk": 2, "fields": {"sender": 6, "recipient": 6, "content": "how are you\r\n", "timestamp": "2024-08-06T12:14:33.487Z", "read": true}}, {"model": "authentication.message", "pk": 6, "fields": {"sender": 3, "recipient": 6, "content": "what up", "timestamp": "2024-08-06T12:27:54.794Z", "read": true}}, {"model": "authentication.message", "pk": 7, "fields": {"sender": 3, "recipient": 6, "content": "quite good, how about you", "timestamp": "2024-08-06T12:29:07.473Z", "read": true}}, {"model": "authentication.message", "pk": 8, "fields": {"sender": 6, "recipient": 3, "content": "i am very well thank you", "timestamp": "2024-08-06T12:30:26.176Z", "read": true}}, {"model": "authentication.message", "pk": 9, "fields": {"sender": 6, "recipient": 3, "content": "hey man", "timestamp": "2024-08-07T11:13:51.622Z", "read": false}}, {"model": "authentication.message", "pk": 10, "fields": {"sender": 3, "recipient": 24, "content": "hti\r\n", "timestamp": "2024-08-07T12:02:12.643Z", "read": false}}, {"model": "authentication.message", "pk": 11, "fields": {"sender": 8, "recipient": 6, "content": "hi", "timestamp": "2025-01-08T16:28:28.334Z", "read": false}}, {"model": "authentication.message", "pk": 12, "fields": {"sender": 8, "recipient": 54, "content": "hi", "timestamp": "2025-01-16T12:31:36.290Z", "read": false}}, {"model": "authentication.message", "pk": 13, "fields": {"sender": 16, "recipient": 62, "content": "hi\r\n", "timestamp": "2025-05-20T12:29:05.052Z", "read": false}}, {"model": "authentication.message", "pk": 14, "fields": {"sender": 16, "recipient": 62, "content": "h\r\n", "timestamp": "2025-05-20T12:30:30.085Z", "read": false}}, {"model": "authentication.housing", "pk": 1, "fields": {"country": "USA", "title": "Affordable Housing in New York", "short_description": "Find affordable housing options in New York City.", "link": "https://www.nyc.gov/site/hra/help/affordable-housing.page", "image": "https://i.pinimg.com/564x/0c/f4/5e/0cf45ecc538a0ad2a7aea4825c907efc.jpg"}}, {"model": "authentication.housing", "pk": 2, "fields": {"country": "UK", "title": "Council Housing in London", "short_description": "Learn about council housing options in London.", "link": "https://www.london.gov.uk/what-we-do/research-and-analysis/affordable-housing", "image": "https://i.pinimg.com/736x/32/8f/6f/328f6f9f05056532dcd72e5a5a4a52be.jpg"}}, {"model": "authentication.housing", "pk": 3, "fields": {"country": "Canada", "title": "Housing Market in Toronto", "short_description": "Overview of the housing market in Toronto.", "link": "https://www.toronto.ca/services-payments/housing-rentals/housing/", "image": "https://i.pinimg.com/564x/3e/65/76/3e657674ce12c7dda5564b88103056d4.jpg"}}, {"model": "authentication.housing", "pk": 4, "fields": {"country": "Australia", "title": "Housing in Sydney", "short_description": "Information about housing options in Sydney.", "link": "https://www.cityofsydney.nsw.gov.au/community/housing", "image": "https://i.pinimg.com/564x/3b/2a/53/3b2a530616b695ac42a8dc9111985b40.jpg"}}, {"model": "authentication.housing", "pk": 5, "fields": {"country": "Germany", "title": "Berlin Housing", "short_description": "Find housing information for Berlin.", "link": "https://www.berlin.de/en/housing/", "image": "https://i.pinimg.com/564x/02/6c/4e/026c4e45f619ea83c3eb6ba6c133d257.jpg"}}, {"model": "authentication.housing", "pk": 6, "fields": {"country": "Netherlands", "title": "Amsterdam Housing", "short_description": "Explore housing options in Amsterdam.", "link": "https://www.amsterdam.nl/en/housing/", "image": "https://i.pinimg.com/736x/af/03/00/af03008da1c8a87864bc6722e8147a0d.jpg"}}, {"model": "authentication.transport", "pk": 1, "fields": {"country": "USA", "title": "Public Transport in New York", "short_description": "Information on public transport options in New York.", "link": "https://www.mta.info/", "image": "https://i.pinimg.com/564x/1e/f4/3f/1ef43f05ca7fd556b2a1c2b9acba2aa4.jpg"}}, {"model": "authentication.transport", "pk": 2, "fields": {"country": "UK", "title": "Tube and Bus Services in London", "short_description": "Details on London Tube and bus services.", "link": "https://tfl.gov.uk/", "image": "https://i.pinimg.com/564x/5d/ed/90/5ded90cbe30de9a84fe8164711951ef2.jpg"}}, {"model": "authentication.transport", "pk": 3, "fields": {"country": "Canada", "title": "Toronto Transit System", "short_description": "Transit services information for Toronto.", "link": "https://www.ttc.ca/", "image": "https://i.pinimg.com/564x/33/5f/0d/335f0de71f4b6f0d6ea931168c4085d8.jpg"}}, {"model": "authentication.transport", "pk": 4, "fields": {"country": "Australia", "title": "Sydney Public Transport", "short_description": "Public transport details for Sydney.", "link": "https://transportnsw.info/", "image": "https://i.pinimg.com/236x/94/02/4a/94024af949ac1e1511c82744adf1714a.jpg"}}, {"model": "authentication.transport", "pk": 5, "fields": {"country": "Germany", "title": "Berlin U-Bahn and S-Bahn", "short_description": "Information on Berlin's U-Bahn and S-Bahn.", "link": "https://www.bvg.de/en", "image": "https://i.pinimg.com/564x/51/41/f3/5141f396b01cc31c0b76cb3462833c84.jpg"}}, {"model": "authentication.transport", "pk": 6, "fields": {"country": "Netherlands", "title": "Amsterdam Trams and Buses", "short_description": "Details on Amsterdam trams and buses.", "link": "https://www.gvb.nl/en", "image": "https://i.pinimg.com/564x/95/dd/c3/95ddc34b54ab76f4c2455673c3de7d3d.jpg"}}, {"model": "authentication.culture", "pk": 1, "fields": {"country": "USA", "title": "Cultural Events in New York", "short_description": "Explore various cultural events in New York City.", "description": "New York City hosts a wide range of cultural events including Broadway shows, concerts, and art exhibitions.", "image": "https://i.pinimg.com/564x/72/46/b6/7246b633f0ba13b9e28d0105e9e912bd.jpg"}}, {"model": "authentication.culture", "pk": 2, "fields": {"country": "UK", "title": "London Cultural Scene", "short_description": "Discover London's rich cultural scene.", "description": "London is known for its rich cultural heritage, museums, and theatres including the West End.", "image": "https://i.pinimg.com/564x/cd/0b/59/cd0b594551ab1ec905964787ae3bfb5e.jpg"}}, {"model": "authentication.culture", "pk": 3, "fields": {"country": "Canada", "title": "Toronto's Multicultural Festivals", "short_description": "Learn about Toronto's multicultural festivals.", "description": "Toronto hosts numerous multicultural festivals reflecting its diverse population.", "image": "https://i.pinimg.com/236x/dd/53/1c/dd531cfb5a129a6d76332ae1bd7c7f9b.jpg"}}, {"model": "authentication.culture", "pk": 4, "fields": {"country": "Australia", "title": "Sydney's Art and Culture", "short_description": "Explore Sydney's art and cultural offerings.", "description": "Sydney is known for its vibrant arts scene, including the Sydney Opera House and various art galleries.", "image": "https://i.pinimg.com/564x/4b/03/c1/4b03c170fd7bbc44402210482322c542.jpg"}}, {"model": "authentication.culture", "pk": 5, "fields": {"country": "Germany", "title": "Berlin's Cultural Diversity", "short_description": "Discover Berlin's cultural diversity.", "description": "Berlin is a hub for culture in Germany, offering everything from classical music to contemporary art.", "image": "https://i.pinimg.com/564x/d0/13/a3/d013a3a9a947eb4d4a6cf342fa2c618d.jpg"}}, {"model": "authentication.culture", "pk": 6, "fields": {"country": "Netherlands", "title": "Amsterdam's Cultural Attractions", "short_description": "Find out about cultural attractions in Amsterdam.", "description": "Amsterdam is famous for its museums, canals, and cultural festivals.", "image": "https://i.pinimg.com/564x/99/a4/ae/99a4ae40a0f8fa830219a226aedc3ccc.jpg"}}]